{
  "timestamp": "2025-11-02T21:23:37.769187",
  "dataset_path": "data/raw/migraine_dataset.csv",
  "total_records": 8000,
  "checks": {
    "missing_columns": {
      "status": "PASS",
      "missing": []
    },
    "missing_values": {
      "status": "PASS",
      "total_missing": 0,
      "columns_with_missing": {}
    },
    "data_types": {
      "status": "PASS",
      "issues": []
    },
    "value_ranges": {
      "status": "PASS",
      "issues": []
    },
    "target_distribution": {
      "status": "PASS",
      "distribution": {
        "1": 6378,
        "0": 1622
      },
      "imbalance_ratio": 3.9321824907521576
    },
    "duplicates": {
      "status": "PASS",
      "count": 0
    }
  },
  "statistics": {
    "numeric_summary": {
      "age": {
        "count": 8000.0,
        "mean": 41.12625,
        "std": 13.571075222613617,
        "min": 18.0,
        "25%": 30.0,
        "50%": 41.0,
        "75%": 53.0,
        "max": 64.0
      },
      "gender": {
        "count": 8000.0,
        "mean": 0.497625,
        "std": 0.5000256119206017,
        "min": 0.0,
        "25%": 0.0,
        "50%": 0.0,
        "75%": 1.0,
        "max": 1.0
      },
      "sleep_hours": {
        "count": 8000.0,
        "mean": 6.9679875000000004,
        "std": 1.7236024195000172,
        "min": 4.0,
        "25%": 5.5,
        "50%": 7.0,
        "75%": 8.4,
        "max": 10.0
      },
      "sleep_quality": {
        "count": 8000.0,
        "mean": 5.50775,
        "std": 2.8962887457162005,
        "min": 1.0,
        "25%": 3.0,
        "50%": 6.0,
        "75%": 8.0,
        "max": 10.0
      },
      "stress_level": {
        "count": 8000.0,
        "mean": 5.493375,
        "std": 2.8623819212603157,
        "min": 1.0,
        "25%": 3.0,
        "50%": 5.0,
        "75%": 8.0,
        "max": 10.0
      },
      "hydration": {
        "count": 8000.0,
        "mean": 5.526875,
        "std": 2.902555914746481,
        "min": 1.0,
        "25%": 3.0,
        "50%": 6.0,
        "75%": 8.0,
        "max": 10.0
      },
      "exercise": {
        "count": 8000.0,
        "mean": 3.4915,
        "std": 2.2867184752769956,
        "min": 0.0,
        "25%": 2.0,
        "50%": 3.0,
        "75%": 5.0,
        "max": 7.0
      },
      "screen_time": {
        "count": 8000.0,
        "mean": 7.000299999999999,
        "std": 2.8708365719469042,
        "min": 2.0,
        "25%": 4.5,
        "50%": 7.0,
        "75%": 9.5,
        "max": 12.0
      },
      "caffeine_intake": {
        "count": 8000.0,
        "mean": 2.478875,
        "std": 1.7174610456806374,
        "min": 0.0,
        "25%": 1.0,
        "50%": 2.0,
        "75%": 4.0,
        "max": 5.0
      },
      "alcohol_intake": {
        "count": 8000.0,
        "mean": 2.511625,
        "std": 1.7013161578491578,
        "min": 0.0,
        "25%": 1.0,
        "50%": 3.0,
        "75%": 4.0,
        "max": 5.0
      },
      "weather_changes": {
        "count": 8000.0,
        "mean": 0.502375,
        "std": 0.5000256119206017,
        "min": 0.0,
        "25%": 0.0,
        "50%": 1.0,
        "75%": 1.0,
        "max": 1.0
      },
      "menstrual_cycle": {
        "count": 8000.0,
        "mean": 0.24925,
        "std": 0.43260586100846155,
        "min": 0.0,
        "25%": 0.0,
        "50%": 0.0,
        "75%": 0.0,
        "max": 1.0
      },
      "dehydration": {
        "count": 8000.0,
        "mean": 0.501,
        "std": 0.5000302528664867,
        "min": 0.0,
        "25%": 0.0,
        "50%": 1.0,
        "75%": 1.0,
        "max": 1.0
      },
      "bright_light": {
        "count": 8000.0,
        "mean": 0.505,
        "std": 0.5000062507422759,
        "min": 0.0,
        "25%": 0.0,
        "50%": 1.0,
        "75%": 1.0,
        "max": 1.0
      },
      "loud_noises": {
        "count": 8000.0,
        "mean": 0.50175,
        "std": 0.500028190229189,
        "min": 0.0,
        "25%": 0.0,
        "50%": 1.0,
        "75%": 1.0,
        "max": 1.0
      },
      "strong_smells": {
        "count": 8000.0,
        "mean": 0.502,
        "std": 0.5000272526639681,
        "min": 0.0,
        "25%": 0.0,
        "50%": 1.0,
        "75%": 1.0,
        "max": 1.0
      },
      "missed_meals": {
        "count": 8000.0,
        "mean": 0.501125,
        "std": 0.5000299872242818,
        "min": 0.0,
        "25%": 0.0,
        "50%": 1.0,
        "75%": 1.0,
        "max": 1.0
      },
      "specific_foods": {
        "count": 8000.0,
        "mean": 0.49525,
        "std": 0.500008688510583,
        "min": 0.0,
        "25%": 0.0,
        "50%": 0.0,
        "75%": 1.0,
        "max": 1.0
      },
      "physical_activity": {
        "count": 8000.0,
        "mean": 0.507125,
        "std": 0.49998048155427216,
        "min": 0.0,
        "25%": 0.0,
        "50%": 1.0,
        "75%": 1.0,
        "max": 1.0
      },
      "neck_pain": {
        "count": 8000.0,
        "mean": 0.492875,
        "std": 0.49998048155427216,
        "min": 0.0,
        "25%": 0.0,
        "50%": 0.0,
        "75%": 1.0,
        "max": 1.0
      },
      "weather_pressure": {
        "count": 8000.0,
        "mean": 1005.1399250000001,
        "std": 14.462801771225353,
        "min": 980.0,
        "25%": 992.9,
        "50%": 1005.0,
        "75%": 1017.8,
        "max": 1030.0
      },
      "humidity": {
        "count": 8000.0,
        "mean": 59.414625,
        "std": 17.4923757394615,
        "min": 30.0,
        "25%": 44.0,
        "50%": 59.0,
        "75%": 74.0,
        "max": 90.0
      },
      "temperature_change": {
        "count": 8000.0,
        "mean": -0.057249999999999995,
        "std": 5.739728477713448,
        "min": -10.0,
        "25%": -5.1,
        "50%": 0.0,
        "75%": 4.9,
        "max": 10.0
      },
      "migraine_occurrence": {
        "count": 8000.0,
        "mean": 0.79725,
        "std": 0.4020729353371927,
        "min": 0.0,
        "25%": 1.0,
        "50%": 1.0,
        "75%": 1.0,
        "max": 1.0
      },
      "migraine_severity": {
        "count": 8000.0,
        "mean": 5.4614625,
        "std": 2.8486945244542206,
        "min": 0.0,
        "25%": 5.6,
        "50%": 6.6,
        "75%": 7.3,
        "max": 9.5
      }
    },
    "correlation_with_target": {
      "age": -0.008940411570119341,
      "gender": 0.0342921733815894,
      "sleep_hours": -0.15723589050248357,
      "sleep_quality": -0.10407198481005073,
      "stress_level": 0.15134297227891363,
      "hydration": -0.20453977619015454,
      "exercise": -0.079378188175633,
      "screen_time": 0.03653003430940352,
      "caffeine_intake": 0.1284898857225294,
      "alcohol_intake": 0.006370138399880173,
      "weather_changes": 0.07825790131896845,
      "menstrual_cycle": 0.08357668837242883,
      "dehydration": -0.006453225603503119,
      "bright_light": 0.04546328500374994,
      "loud_noises": 0.04840156804641271,
      "strong_smells": 0.021293658073727417,
      "missed_meals": -0.0013526099876098002,
      "specific_foods": 0.05739346414158641,
      "physical_activity": -0.017066401327792233,
      "neck_pain": 0.06992617970179507,
      "weather_pressure": -0.0025957576068397683,
      "humidity": 0.02370340673136153,
      "temperature_change": -0.009434421683039526,
      "migraine_occurrence": 1.0,
      "migraine_severity": 0.966881805279969
    }
  },
  "overall_status": "PASS",
  "summary": {
    "total_checks": 6,
    "passed": 6,
    "warnings": 0,
    "failed": 0
  }
}